Trade_ID,Trade_Date,Trader_Name,Stock_Symbol,Company_Name,Sector,Trade_Type,Quantity,Buy_Price,Sell_Price,Brokerage,Trade_Status,Gross_Value,Profit_Loss,Return_Percentage
T0001,2026-01-02,Rahul,INFY,Infosys,IT,Buy,120,1450,1510,45,Closed,174000,7155,4.11
T0002,2026-01-02,Priya,RELIANCE,Reliance Industries,Energy,Buy,80,1280,1255,40,Closed,102400,-2040,-1.99
T0003,2026-01-03,Arjun,HDFCBANK,HDFC Bank,Banking,Buy,150,1680,1725,55,Closed,252000,6695,2.66
T0004,2026-01-03,Neha,TCS,Tata Consultancy Services,IT,Buy,60,3920,4010,50,Closed,235200,5350,2.27
T0005,2026-01-04,Vikram,ICICIBANK,ICICI Bank,Banking,Buy,200,1180,1165,60,Closed,236000,-3060,-1.30
T0006,2026-01-04,Ananya,ITC,ITC Limited,FMCG,Buy,300,470,492,35,Closed,141000,6565,4.66
T0007,2026-01-05,Rohit,SBIN,State Bank of India,Banking,Buy,250,760,785,45,Closed,190000,6205,3.27
T0008,2026-01-05,Simran,AXISBANK,Axis Bank,Banking,Buy,180,1120,1105,50,Closed,201600,-2750,-1.36
T0009,2026-01-06,Karan,HINDALCO,Hindalco Industries,Metals,Buy,220,620,645,40,Closed,136400,5460,4.00
T0010,2026-01-06,Pooja,MARUTI,Maruti Suzuki,Automobile,Buy,70,10400,10650,65,Closed,728000,17435,2.39
T0011,2026-01-07,Rahul,LT,Larsen & Toubro,Industrial,Buy,90,3650,3590,55,Closed,328500,-5455,-1.66
T0012,2026-01-07,Priya,SUNPHARMA,Sun Pharma,Pharma,Buy,140,1680,1735,45,Closed,235200,7655,3.25
T0013,2026-01-08,Arjun,ADANIENT,Adani Enterprises,Energy,Buy,100,2450,2380,70,Closed,245000,-7070,-2.89
T0014,2026-01-08,Neha,WIPRO,Wipro,IT,Buy,300,540,558,35,Closed,162000,5365,3.31
T0015,2026-01-09,Vikram,KOTAKBANK,Kotak Mahindra Bank,Banking,Buy,160,1820,1855,50,Closed,291200,5550,1.91
T0016,2026-01-09,Ananya,TATASTEEL,Tata Steel,Metals,Buy,400,145,152,30,Closed,58000,2770,4.78
T0017,2026-01-10,Rohit,HCLTECH,HCL Technologies,IT,Buy,110,1560,1535,45,Closed,171600,-2795,-1.63
T0018,2026-01-10,Simran,BAJFINANCE,Bajaj Finance,Financial,Buy,75,7420,7600,75,Closed,556500,13425,2.41
T0019,2026-01-11,Karan,ONGC,ONGC,Energy,Buy,350,285,294,35,Closed,99750,3115,3.12
T0020,2026-01-11,Pooja,ASIANPAINT,Asian Paints,Consumer,Buy,100,2980,2915,50,Closed,298000,-6550,-2.20
T0021,2026-01-12,Rahul,INFY,Infosys,IT,Buy,150,1465,1495,50,Closed,219750,4450,2.03
T0022,2026-01-12,Priya,RELIANCE,Reliance Industries,Energy,Buy,120,1275,1305,55,Closed,153000,3545,2.32
T0023,2026-01-13,Arjun,HDFCBANK,HDFC Bank,Banking,Buy,100,1690,1660,45,Closed,169000,-3045,-1.80
T0024,2026-01-13,Neha,TCS,Tata Consultancy Services,IT,Buy,80,3940,4065,60,Closed,315200,9960,3.16
T0025,2026-01-14,Vikram,ICICIBANK,ICICI Bank,Banking,Buy,250,1175,1200,65,Closed,293750,6185,2.11
T0026,2026-01-14,Ananya,ITC,ITC Limited,FMCG,Buy,350,468,462,35,Closed,163800,-2135,-1.30
T0027,2026-01-15,Rohit,SBIN,State Bank of India,Banking,Buy,200,765,800,50,Closed,153000,6950,4.54
T0028,2026-01-15,Simran,AXISBANK,Axis Bank,Banking,Buy,140,1115,1140,45,Closed,156100,3440,2.20
T0029,2026-01-16,Karan,HINDALCO,Hindalco Industries,Metals,Buy,300,615,600,40,Closed,184500,-4540,-2.46
T0030,2026-01-16,Pooja,MARUTI,Maruti Suzuki,Automobile,Buy,60,10350,10800,65,Closed,621000,26935,4.34
T0031,2026-01-17,Rahul,LT,Larsen & Toubro,Industrial,Buy,120,3620,3695,60,Closed,434400,8940,2.06
T0032,2026-01-17,Priya,SUNPHARMA,Sun Pharma,Pharma,Buy,180,1665,1640,50,Closed,299700,-4550,-1.52
T0033,2026-01-18,Arjun,ADANIENT,Adani Enterprises,Energy,Buy,80,2420,2490,55,Closed,193600,5545,2.86
T0034,2026-01-18,Neha,WIPRO,Wipro,IT,Buy,250,535,552,35,Closed,133750,4215,3.15
T0035,2026-01-19,Vikram,KOTAKBANK,Kotak Mahindra Bank,Banking,Buy,130,1810,1790,50,Closed,235300,-2650,-1.13
T0036,2026-01-19,Ananya,TATASTEEL,Tata Steel,Metals,Buy,500,143,149,30,Closed,71500,2970,4.15
T0037,2026-01-20,Rohit,HCLTECH,HCL Technologies,IT,Buy,140,1550,1580,50,Closed,217000,4150,1.91
T0038,2026-01-20,Simran,BAJFINANCE,Bajaj Finance,Financial,Buy,90,7380,7280,70,Closed,664200,-9070,-1.37
T0039,2026-01-21,Karan,ONGC,ONGC,Energy,Buy,400,282,290,40,Closed,112800,3160,2.80
T0040,2026-01-21,Pooja,ASIANPAINT,Asian Paints,Consumer,Buy,120,2960,3045,55,Closed,355200,10145,2.86
T0041,2026-01-22,Rahul,INFY,Infosys,IT,Buy,100,1470,1450,45,Closed,147000,-2045,-1.39
T0042,2026-01-22,Priya,RELIANCE,Reliance Industries,Energy,Buy,150,1290,1335,60,Closed,193500,6690,3.46
T0043,2026-01-23,Arjun,HDFCBANK,HDFC Bank,Banking,Buy,180,1675,1710,55,Closed,301500,6245,2.07
T0044,2026-01-23,Neha,TCS,Tata Consultancy Services,IT,Buy,50,3950,3885,45,Closed,197500,-3295,-1.67
T0045,2026-01-24,Vikram,ICICIBANK,ICICI Bank,Banking,Buy,180,1185,1235,55,Closed,213300,8945,4.19
T0046,2026-01-24,Ananya,ITC,ITC Limited,FMCG,Buy,280,472,480,35,Closed,132160,2205,1.67
T0047,2026-01-25,Rohit,SBIN,State Bank of India,Banking,Buy,300,770,758,55,Closed,231000,-3655,-1.58
T0048,2026-01-25,Simran,AXISBANK,Axis Bank,Banking,Buy,160,1125,1170,50,Closed,180000,7125,3.96
T0049,2026-01-26,Karan,HINDALCO,Hindalco Industries,Metals,Buy,250,625,640,45,Closed,156250,3705,2.37
T0050,2026-01-26,Pooja,MARUTI,Maruti Suzuki,Automobile,Buy,80,10450,10250,70,Closed,836000,-16070,-1.92
T0051,2026-01-27,Rahul,LT,Larsen & Toubro,Industrial,Buy,100,3640,3725,60,Closed,364000,8440,2.32
T0052,2026-01-27,Priya,SUNPHARMA,Sun Pharma,Pharma,Buy,160,1670,1715,50,Closed,267200,7150,2.68
T0053,2026-01-28,Arjun,ADANIENT,Adani Enterprises,Energy,Buy,120,2440,2395,65,Closed,292800,-5465,-1.87
T0054,2026-01-28,Neha,WIPRO,Wipro,IT,Buy,320,545,565,40,Closed,174400,6360,3.65
T0055,2026-01-29,Vikram,KOTAKBANK,Kotak Mahindra Bank,Banking,Buy,100,1830,1870,45,Closed,183000,3955,2.16
T0056,2026-01-29,Ananya,TATASTEEL,Tata Steel,Metals,Buy,450,146,141,30,Closed,65700,-2280,-3.47
T0057,2026-01-30,Rohit,HCLTECH,HCL Technologies,IT,Buy,130,1570,1615,50,Closed,204100,5800,2.84
T0058,2026-01-30,Simran,BAJFINANCE,Bajaj Finance,Financial,Buy,70,7450,7585,70,Closed,521500,9380,1.80
T0059,2026-01-31,Karan,ONGC,ONGC,Energy,Buy,300,287,280,35,Closed,86100,-2135,-2.48
T0060,2026-01-31,Pooja,ASIANPAINT,Asian Paints,Consumer,Buy,90,2990,3080,50,Closed,269100,8050,2.99
T0061,2026-02-01,Rahul,INFY,Infosys,IT,Buy,200,1480,1525,60,Closed,296000,8940,3.02
T0062,2026-02-01,Priya,RELIANCE,Reliance Industries,Energy,Buy,100,1300,1270,50,Closed,130000,-3050,-2.35
T0063,2026-02-02,Arjun,HDFCBANK,HDFC Bank,Banking,Buy,120,1685,1740,50,Closed,202200,6550,3.24
T0064,2026-02-02,Neha,TCS,Tata Consultancy Services,IT,Buy,70,3960,4035,55,Closed,277200,5195,1.87
T0065,2026-02-03,Vikram,ICICIBANK,ICICI Bank,Banking,Buy,220,1190,1170,60,Closed,261800,-4460,-1.70
T0066,2026-02-03,Ananya,ITC,ITC Limited,FMCG,Buy,400,475,490,40,Closed,190000,5960,3.14
T0067,2026-02-04,Rohit,SBIN,State Bank of India,Banking,Buy,180,775,810,50,Closed,139500,6250,4.48
T0068,2026-02-04,Simran,AXISBANK,Axis Bank,Banking,Buy,200,1130,1100,55,Closed,226000,-6055,-2.68
T0069,2026-02-05,Karan,HINDALCO,Hindalco Industries,Metals,Buy,350,630,655,50,Closed,220500,8700,3.95
T0070,2026-02-05,Pooja,MARUTI,Maruti Suzuki,Automobile,Buy,50,10500,10750,60,Closed,525000,12440,2.37
T0071,2026-02-06,Rahul,LT,Larsen & Toubro,Industrial,Buy,110,3660,3605,55,Closed,402600,-6110,-1.52
T0072,2026-02-06,Priya,SUNPHARMA,Sun Pharma,Pharma,Buy,200,1690,1745,60,Closed,338000,10940,3.24
T0073,2026-02-07,Arjun,ADANIENT,Adani Enterprises,Energy,Buy,90,2460,2525,55,Closed,221400,5795,2.62
T0074,2026-02-07,Neha,WIPRO,Wipro,IT,Buy,280,550,535,35,Closed,154000,-4235,-2.75
T0075,2026-02-08,Vikram,KOTAKBANK,Kotak Mahindra Bank,Banking,Buy,150,1840,1885,55,Closed,276000,6695,2.43
T0076,2026-02-08,Ananya,TATASTEEL,Tata Steel,Metals,Buy,600,148,155,40,Closed,88800,4160,4.68
T0077,2026-02-09,Rohit,HCLTECH,HCL Technologies,IT,Buy,100,1580,1545,45,Closed,158000,-3545,-2.24
T0078,2026-02-09,Simran,BAJFINANCE,Bajaj Finance,Financial,Buy,85,7500,7700,75,Closed,637500,16925,2.65
T0079,2026-02-10,Karan,ONGC,ONGC,Energy,Buy,450,290,297,45,Closed,130500,3105,2.38
T0080,2026-02-10,Pooja,ASIANPAINT,Asian Paints,Consumer,Buy,110,3010,2960,50,Closed,331100,-5550,-1.68
T0081,2026-02-11,Rahul,INFY,Infosys,IT,Buy,140,1490,1535,50,Closed,208600,6250,3.00
T0082,2026-02-11,Priya,RELIANCE,Reliance Industries,Energy,Buy,130,1310,1345,60,Closed,170300,4490,2.64
T0083,2026-02-12,Arjun,HDFCBANK,HDFC Bank,Banking,Buy,160,1700,1675,55,Closed,272000,-4055,-1.49
T0084,2026-02-12,Neha,TCS,Tata Consultancy Services,IT,Buy,90,3980,4100,65,Closed,358200,10735,3.00
T0085,2026-02-13,Vikram,ICICIBANK,ICICI Bank,Banking,Buy,200,1200,1240,60,Closed,240000,7940,3.31
T0086,2026-02-13,Ananya,ITC,ITC Limited,FMCG,Buy,320,478,470,35,Closed,152960,-2595,-1.70
T0087,2026-02-14,Rohit,SBIN,State Bank of India,Banking,Buy,220,780,805,50,Closed,171600,5450,3.18
T0088,2026-02-14,Simran,AXISBANK,Axis Bank,Banking,Buy,150,1140,1180,50,Closed,171000,5950,3.48
T0089,2026-02-15,Karan,HINDALCO,Hindalco Industries,Metals,Buy,280,635,620,45,Closed,177800,-4245,-2.39
T0090,2026-02-15,Pooja,MARUTI,Maruti Suzuki,Automobile,Buy,65,10600,10900,70,Closed,689000,19430,2.82
T0091,2026-02-16,Rahul,LT,Larsen & Toubro,Industrial,Buy,95,3680,3750,55,Closed,349600,6595,1.89
T0092,2026-02-16,Priya,SUNPHARMA,Sun Pharma,Pharma,Buy,170,1700,1680,50,Closed,289000,-3450,-1.19
T0093,2026-02-17,Arjun,ADANIENT,Adani Enterprises,Energy,Buy,100,2480,2545,60,Closed,248000,6440,2.60
T0094,2026-02-17,Neha,WIPRO,Wipro,IT,Buy,350,555,575,40,Closed,194250,6960,3.58
T0095,2026-02-18,Vikram,KOTAKBANK,Kotak Mahindra Bank,Banking,Buy,120,1850,1815,50,Closed,222000,-4250,-1.91
T0096,2026-02-18,Ananya,TATASTEEL,Tata Steel,Metals,Buy,550,150,158,40,Closed,82500,4360,5.28
T0097,2026-02-19,Rohit,HCLTECH,HCL Technologies,IT,Buy,125,1590,1630,50,Closed,198750,4950,2.49
T0098,2026-02-19,Simran,BAJFINANCE,Bajaj Finance,Financial,Buy,80,7550,7475,70,Closed,604000,-6070,-1.00
T0099,2026-02-20,Karan,ONGC,ONGC,Energy,Buy,380,292,300,40,Closed,110960,3000,2.70
T0100,2026-02-20,Pooja,ASIANPAINT,Asian Paints,Consumer,Buy,100,3030,3110,55,Closed,303000,7945,2.62
